,Country,2021 r.,Rate_1,Rate_2,Rate_PKB,Users_rate_avg,Capital,Coordinates,User_coordinates,Distance,Distance_rate,Summary
0,Hiszpania,30090.0,10.0,10.0,3.8994228279237166,10.0,Madryt,"40°25′04″N, 3°41′41″W","52°13′56″N, 21°00′30″E",2293.238533094702,4.351831475852055,18.251254303775774
1,Gruzja,5014.0,9.0,8.5,4.816607047497824,8.75,Tbilisi,"41°43′N, 44°47′E","52°13′56″N, 21°00′30″E",2138.528293077047,4.395559289812818,17.96216633731064
2,Estonia,27282.0,9.0,9.0,4.002128733513288,9.0,Tallinn,"59°26′N, 24°45′E","52°13′56″N, 21°00′30″E",835.0034927373829,4.7639918509412125,17.7661205844545
3,Czarnogóra,9350.0,9.0,7.5,4.658012743140138,8.25,Podgorica,"42°28′N, 19°16′E","52°13′56″N, 21°00′30″E",1093.568409472378,4.690910207641599,17.598922950781734
4,Holandia,58292.0,10.0,10.0,2.867901478409083,10.0,"Amsterdam (stolica konstytucyjna), Haga (stolica administracyjna)","52°22′N, 4°54′E","52°13′56″N, 21°00′30″E",1096.7212207788004,4.69001908662566,17.557920565034742
5,Maroko,3620.0,10.0,7.0,4.867594238520566,8.5,Rabat,"34°01′31″N, 6°50′10″W","52°13′56″N, 21°00′30″E",3003.20405767333,4.151164471691329,17.5187587102119
6,Azerbejdżan,5398.0,7.0,9.5,4.802561795451386,8.25,Baku,"40°23′N, 49°52′E","52°13′56″N, 21°00′30″E",2558.5056786831146,4.276855492420907,17.329417287872293
7,Malta,33329.0,8.0,10.0,3.780952589959108,9.0,Valletta,"35°53′52″N, 14°30′45″E","52°13′56″N, 21°00′30″E",1886.2230369123567,4.4668716819442835,17.24782427190339
8,Albania,6375.0,8.0,7.5,4.766826870322821,7.75,Tirana,"41°19′N, 19°49′E","52°13′56″N, 21°00′30″E",1216.804440285887,4.656078368274915,17.172905238597735
9,Chorwacja,16818.0,8.0,8.0,4.3848618517787,8.0,Zagrzeb,"45°48′N, 15°58′E","52°13′56″N, 21°00′30″E",804.3228310677132,4.772663534635397,17.157525386414097
10,Łotwa,20581.0,8.0,8.0,4.247225696959057,8.0,Ryga,"56°58′N, 24°08′E","52°13′56″N, 21°00′30″E",564.2450269659234,4.84051991927208,17.087745616231135
11,Bośnia i Hercegowina,6440.0,7.5,7.5,4.764449418804545,7.5,Sarajewo,"43°51′N, 18°22′E","52°13′56″N, 21°00′30″E",952.4411644141056,4.730798878979701,16.995248297784247
12,Tanzania,1177.0,8.5,9.0,4.956949839430582,8.75,Dodoma,"6°15′S, 35°45′E","52°13′56″N, 21°00′30″E",6630.038474900429,3.1260639958281935,16.833013835258775
13,Nepal,1164.0,8.0,9.0,4.957425329734237,8.5,Katmandu,"27°42′N, 85°20′E","52°13′56″N, 21°00′30″E",5898.221131129467,3.332907270442882,16.79033260017712
14,Algieria,3701.0,7.5,7.5,4.864631568167022,7.5,Algier,"36°47′N, 3°04′E","52°13′56″N, 21°00′30″E",2219.4696299891752,4.3726817626250565,16.737313330792077
15,Słowenia,29193.0,7.0,9.0,3.932231658875941,8.0,Lublana,"46°03′23″N, 14°30′28″E","52°13′56″N, 21°00′30″E",833.9337584087056,4.764294204190142,16.696525863066086
16,Islandia,69033.0,10.0,10.0,2.4750367590580904,10.0,Reykjavík,"64°08′N, 21°56′W","52°13′56″N, 21°00′30″E",2779.412878423903,4.214417550809828,16.68945430986792
17,Włochy,35473.0,9.0,7.5,3.7025332660331673,8.25,Rzym,"41°53′35″N, 12°28′58″E","52°13′56″N, 21°00′30″E",1317.2418403946397,4.627690409299756,16.580223675332924
18,Szwecja,60029.0,8.0,10.0,2.804368658605277,9.0,Sztokholm,"59°20′N, 18°03′E","52°13′56″N, 21°00′30″E",811.9076651224037,4.770519732050456,16.574888390655733
19,Tajlandia,7336.0,9.0,9.0,4.731677164029524,9.0,Bangkok,"13°45′N, 100°31′E","52°13′56″N, 21°00′30″E",8098.010356099278,2.711151567837847,16.442828731867372
20,Cypr,30846.0,8.0,8.0,3.8717712379572937,8.0,Nikozja,"35°10′N, 33°21′E","52°13′56″N, 21°00′30″E",2134.3745950866096,4.396733304751676,16.268504542708968
21,Japonia,39340.0,10.0,10.0,3.561093188784281,10.0,Tokio,"35°41′22″N, 139°41′30″E","52°13′56″N, 21°00′30″E",8599.960270287014,2.5692787838339095,16.13037197261819
22,Portugalia,24264.0,8.0,7.5,4.112515636315755,7.75,Lizbona,"38°42′N, 9°11′W","52°13′56″N, 21°00′30″E",2768.447165463101,4.217516936191444,16.0800325725072
23,Korea Południowa,34801.0,9.0,10.0,3.727112457114432,9.5,Seul,"37°33′N, 126°59′E","52°13′56″N, 21°00′30″E",7762.154027073355,2.8060791115577355,16.033191568672166
24,Peru,6643.0,10.0,9.0,4.757024454832079,9.5,Lima,"12°03′36″S, 77°02′15″W","52°13′56″N, 21°00′30″E",11606.205077394934,1.719583808047413,15.976608262879491
25,Wielka Brytania,47203.0,10.0,6.0,3.2734947074271585,8.0,Londyn,"51°30′N, 0°07′W","52°13′56″N, 21°00′30″E",1452.2556769034072,4.589529651974899,15.863024359402058
26,Meksyk,10040.0,10.0,8.0,4.632775180869197,9.0,Meksyk,"19°25′10″N, 99°08′44″W","52°13′56″N, 21°00′30″E",10197.759896358893,2.1176714126122347,15.750446593481431
27,Wietnam,3725.0,8.0,8.0,4.863753739914119,8.0,Hanoi,"21°02′N, 105°51′E","52°13′56″N, 21°00′30″E",7841.548324290336,2.7836388447864255,15.647392584700546
28,Madagaskar,502.0,9.0,7.0,4.981638759043459,8.0,Antananarywa,"18°55′S, 47°31′E","52°13′56″N, 21°00′30″E",8290.30087008865,2.6568019409405776,15.638440699984038
29,Andora,41873.0,8.0,7.0,3.468445731925882,7.5,Andora,"42°30′N, 1°30′E","52°13′56″N, 21°00′30″E",1818.5103724770418,4.486010213387821,15.454455945313704
30,Norwegia,89090.0,9.0,9.0,1.7414283728721807,9.0,Oslo,"59°54′46,79″N, 10°44′16,79″E","52°13′56″N, 21°00′30″E",1065.365569574031,4.698881551594651,15.440309924466831
31,Grecja,20256.0,8.0,5.0,4.259112954550442,6.5,Ateny,"38°00′N, 23°43′E","52°13′56″N, 21°00′30″E",1595.6797782442968,4.548991789579957,15.3081047441304
32,Kanada,52079.0,9.0,9.0,3.0951492673791705,9.0,Ottawa,"45°25′N, 75°42′W","52°13′56″N, 21°00′30″E",6596.598024199657,3.135515715422452,15.230664982801622
33,Argentyna,10658.0,9.0,9.0,4.6101711033569615,9.0,Buenos Aires,"34°35′S, 58°55′W","52°13′56″N, 21°00′30″E",12336.970415114363,1.5130378759027625,15.123208979259724
34,Egipt,3926.0,6.0,6.0,4.856401928296062,6.0,Kair,"30°02′40″N, 31°14′09″E","52°13′56″N, 21°00′30″E",2603.432221287227,4.264157305819499,15.12055923411556
35,Stany Zjednoczone,69231.0,10.0,9.0,2.4677946759716463,9.5,Waszyngton,"38°53′42″N, 77°02′12″W","52°13′56″N, 21°00′30″E",7197.228223815318,2.965751609148606,14.933546285120253
36,Senegal,1607.0,7.0,6.0,4.9412220832327485,6.5,Dakar,"14°43′12″N, 17°28′48″W","52°13′56″N, 21°00′30″E",5373.511675129223,3.4812128866245473,14.922434969857296
37,Czechy,26411.0,6.0,6.0,4.033986583858201,6.0,Praga,"50°05′16″N, 14°25′16″E","52°13′56″N, 21°00′30″E",518.638622865472,4.853410264175535,14.887396848033736
38,Dominikana,8986.0,7.0,8.0,4.671326471642489,7.5,Santo Domingo,"18°28′35″N, 69°53′36″W","52°13′56″N, 21°00′30″E",8465.524053672189,2.6072762807613987,14.778602752403888
39,Ekwador,5979.0,9.0,7.0,4.781311036495709,8.0,Quito,"0°13′12″S, 78°30′45″W","52°13′56″N, 21°00′30″E",10676.090769237253,1.9824743925667143,14.763785429062423
40,Kamerun,1655.0,6.0,6.5,4.939466426726945,6.25,Jaunde,"3°52′N, 11°31′E","52°13′56″N, 21°00′30″E",5433.063766444242,3.464380886559779,14.653847313286724
41,Dania,67758.0,7.0,7.5,2.5216713849935255,7.25,Kopenhaga,"55°40′N, 12°34′E","52°13′56″N, 21°00′30″E",672.5567865311571,4.8099063252947785,14.581577710288304
42,Seszele,14931.0,7.0,7.0,4.453881098163144,7.0,Victoria,"4°37′51″S, 55°27′43″E","52°13′56″N, 21°00′30″E",7091.410094832664,2.995660395130073,14.449541493293218
43,Irlandia,99013.0,9.0,8.0,1.378482966474276,8.5,Dublin,"53°20′N, 6°15′W","52°13′56″N, 21°00′30″E",1832.0757161705874,4.482176059777319,14.360659026251597
44,San Marino,50458.0,5.0,8.0,3.154439250627281,6.5,San Marino,"43°55′55,24″N, 12°26′54,42″E","52°13′56″N, 21°00′30″E",1120.14946788275,4.683397249372538,14.337836499999819
45,Wybrzeże Kości Słoniowej,2522.0,6.0,6.0,4.907754881090848,6.0,Jamusukro,"6°50′36″N, 5°17′06″W","52°13′56″N, 21°00′30″E",5576.911800336212,3.4237232024663946,14.331478083557244
46,Szwajcaria,93720.0,8.0,8.0,1.5720806724164416,8.0,"brak oficjalnej stolicy, siedzibą rządu jest Berno","46,94798°N, 7,44743°E","52°13′56″N, 21°00′30″E",1140.4748618836145,4.677652412783521,14.249733085199964
47,Singapur,72795.0,9.0,10.0,2.3374371804156517,9.5,Singapur,"1°18′N, 103°48′E","52°13′56″N, 21°00′30″E",9402.79120908014,2.342363991836404,14.179801172252056
48,Węgry,18968.0,8.0,2.0,4.3062230707895335,5.0,Budapeszt,"47°30′N, 19°03′E","52°13′56″N, 21°00′30″E",544.7980810959167,4.846016468375821,14.152239539165354
49,Ghana,2441.0,6.0,5.5,4.910717551444393,5.75,Akra,"5°33′N, 0°13′W","52°13′56″N, 21°00′30″E",5530.820212713433,3.4367506812454014,14.097468232689794
50,Nigeria,2089.0,5.0,6.0,4.923592365820294,5.5,Abudża,"9°12′N, 7°11′E","52°13′56″N, 21°00′30″E",4934.220886784716,3.605375488047785,14.028967853868078
51,Mauretania,2153.0,7.0,4.0,4.921251490479221,5.5,Nawakszut,"18°06′N, 15°57′W","52°13′56″N, 21°00′30″E",4968.946594021865,3.5955604992949475,14.016811989774169
52,Niemcy,50795.0,6.0,6.0,3.142113078909445,6.0,Berlin,"52°31′07″N, 13°24′30″E","52°13′56″N, 21°00′30″E",518.314612534656,4.853501843527138,13.995614922436584
53,Malediwy,13190.0,7.0,6.0,4.517560222675766,6.5,Male,"4°10′N, 73°30′E","52°13′56″N, 21°00′30″E",7174.110923922721,2.9722855592534163,13.989845781929182
54,Izrael,51416.0,8.0,5.0,3.1193992728655973,6.5,Jerozolima[30][31],"31°46′43″N, 35°13′46″E","52°13′56″N, 21°00′30″E",2548.556132802535,4.279667664977877,13.899066937843473
55,Kongo,2677.0,8.0,3.5,4.902085573624187,5.75,Brazzaville,"4°15′S, 15°16′E","52°13′56″N, 21°00′30″E",6282.681259835782,3.2242421880185885,13.876327761642777
56,Tunezja,3867.0,5.0,4.0,4.858559922751114,4.5,Tunis,"36°50′N, 10°09′E","52°13′56″N, 21°00′30″E",1911.6181488564077,4.459693923507121,13.818253846258235
57,Wyspy Świętego Tomasza i Książęca,2331.0,5.0,6.0,4.914740930936862,5.5,São Tomé,"0°22′12″N, 6°43′48″E","52°13′56″N, 21°00′30″E",5901.135258426514,3.332083611864828,13.74682454280169
58,Chile,16070.0,7.0,9.0,4.412220832327488,8.0,Santiago,"33°27′S, 70°40′W","52°13′56″N, 21°00′30″E",12969.740104115876,1.3341897580437871,13.746410590371276
59,Vanuatu,3045.0,10.0,6.0,4.888625540413018,8.0,Port Vila,"17°45′S, 168°18′E","52°13′56″N, 21°00′30″E",15236.990957366626,0.6933664776842202,13.581992018097237
60,Chiny,12359.0,3.0,9.0,4.547955025932509,6.0,Pekin,"39°55′N, 116°23′E","52°13′56″N, 21°00′30″E",6957.690269784158,3.033455408775709,13.581410434708218
61,Litwa,23473.0,5.0,4.0,4.141447392484327,4.5,Wilno,"54°41′N, 25°17′E","52°13′56″N, 21°00′30″E",393.6381502234803,4.888740811216718,13.530188203701044
62,Mozambik,501.0,7.0,5.0,4.981675335220664,6.0,Maputo,"25°57′56″S, 32°35′19″E","52°13′56″N, 21°00′30″E",8735.580735815192,2.5309465668765094,13.512621902097173
63,Malezja,11399.0,6.0,7.0,4.583068156048602,6.5,Kuala Lumpur,"3°09′14″N, 101°41′32″E","52°13′56″N, 21°00′30″E",9097.195907136262,2.4287384587699448,13.511806614818546
64,Namibia,4842.0,7.0,5.0,4.8228981499769565,6.0,Windhuk,"22°34′S, 17°05′E","52°13′56″N, 21°00′30″E",8294.550675850593,2.655600761783293,13.478498911760251
65,Francja,44853.0,6.0,5.0,3.3594487238571773,5.5,Paryż,"48°52′N, 2°21′E","52°13′56″N, 21°00′30″E",1370.0297662765004,4.612770255326282,13.47221897918346
66,Kenia,2205.0,5.0,5.5,4.9193495292646,5.25,Nairobi,"1°16′S, 36°48′E","52°13′56″N, 21°00′30″E",6111.744614129306,3.2725562869539706,13.441905816218572
67,Indonezja,4357.0,5.0,8.0,4.840637595921025,6.5,Dżakarta,"6°10′30″S, 106°49′43″E","52°13′56″N, 21°00′30″E",10262.641660611784,2.0993330161597914,13.439970612080815
68,Austria,53368.0,5.0,6.0,3.0480025749628754,5.5,Wiedeń,"48°13′N, 16°22′E","52°13′56″N, 21°00′30″E",555.832981839092,4.842897527530549,13.390900102493426
69,Mikronezja,3880.0,7.0,7.0,4.858084432447458,7.0,Palikir,"6°54′54″N, 158°09′37″E","52°13′56″N, 21°00′30″E",12301.034129073983,1.523195026652675,13.381279459100135
70,Uzbekistan,2002.0,4.0,5.0,4.926774493237065,4.5,Taszkent,"41°16′N, 69°13′E","52°13′56″N, 21°00′30″E",3800.1269696553995,3.925919543933189,13.352694037170254
71,Australia,63529.0,10.0,10.0,2.6763520383903554,10.0,Canberra,"35°18′S, 149°07′E","52°13′56″N, 21°00′30″E",15551.88797160234,0.6043629440220166,13.280714982412372
72,Zjednoczone Emiraty Arabskie,42884.0,5.0,7.0,3.431467216772371,6.0,Abu Zabi,"24°27′N, 54°23′E","52°13′56″N, 21°00′30″E",4176.454415452257,3.8195531099062223,13.251020326678594
73,Burundi,272.0,6.0,4.0,4.99005127980044,5.0,Gitega,"3°26′S, 29°54′E","52°13′56″N, 21°00′30″E",6225.729198117682,3.2403393071181825,13.230390586918622
74,Nowa Zelandia,48424.0,10.0,10.0,3.228835195060753,10.0,Wellington,"41°17′20″S, 174°46′38″E","52°13′56″N, 21°00′30″E",17690.14112579207,0.0,13.228835195060753
75,Zimbabwe,2102.0,6.0,5.0,4.923116875516638,5.5,Harare,"17°49′12″S, 31°03′00″E","52°13′56″N, 21°00′30″E",7821.101042264859,2.7894181322098777,13.212535007726515
76,Mongolia,4418.0,5.0,5.0,4.838406449111565,5.0,Ułan Bator,"47°55′18,82″N, 106°54′19,19″E","52°13′56″N, 21°00′30″E",5796.280240877551,3.3617201808450736,13.200126629956639
77,Słowacja,21053.0,5.0,3.0,4.229961741318644,4.0,Bratysława,"48°08′48,57″N, 17°06′26,06″E","52°13′56″N, 21°00′30″E",532.8471603012727,4.849394316158285,13.079356057476929
78,Angola,2331.0,2.0,8.0,4.914740930936862,5.0,Luanda,"8°50′S, 13°14′E","52°13′56″N, 21°00′30″E",6806.711216389647,3.0761286278079707,12.990869558744834
79,Brazylia,7564.0,6.0,6.0,4.723337795626953,6.0,Brasilia,"15°47′38″S, 47°52′58″W","52°13′56″N, 21°00′30″E",10011.885606558377,2.1702075366823568,12.89354533230931
80,Belgia,51875.0,5.0,5.0,3.1026108075288406,5.0,Bruksela,"50°50′N, 4°21′E","52°13′56″N, 21°00′30″E",1163.7200100453892,4.671082327221037,12.773693134749877
81,Filipiny,3572.0,5.0,6.0,4.869349895026371,5.5,Manila,"14°35′N, 121°00′E","52°13′56″N, 21°00′30″E",9404.610586183848,2.34184975707401,12.711199652100381
82,Armenia,4701.0,3.0,4.0,4.828055390962758,3.5,Erywań,"40°11′N, 44°31′E","52°13′56″N, 21°00′30″E",2238.0824858336414,4.367420963484984,12.695476354447742
83,Papua-Nowa Gwinea,3005.0,8.0,5.0,4.890088587501189,6.5,Port Moresby,"9°28′S, 147°10′E","52°13′56″N, 21°00′30″E",13245.890655813819,1.2561376527117052,12.646226240212895
84,Paragwaj,5207.0,6.0,6.0,4.809547845297401,6.0,Asunción,"25°16′S, 57°37′W","52°13′56″N, 21°00′30″E",11457.614492864397,1.7615819423398222,12.571129787637224
85,Trynidad i Tobago,15201.0,5.0,6.0,4.444005530317993,5.5,Port-of-Spain,"10°40′N, 61°31′W","52°13′56″N, 21°00′30″E",8569.570525651427,2.5778682417753385,12.52187377209333
86,Finlandia,54008.0,4.0,5.5,3.0245938215521466,4.75,Helsinki,"60°10′N, 24°56′E","52°13′56″N, 21°00′30″E",916.0277984608533,4.741090873174184,12.515684694726332
87,Gujana,9644.0,6.0,4.5,4.647259347042085,5.25,Georgetown,"6°47′N, 58°10′W","52°13′56″N, 21°00′30″E",8677.672532397675,2.5473139330285766,12.44457328007066
88,Urugwaj,16756.0,6.0,7.0,4.387129574765364,6.5,Montevideo,"34°53′S, 56°10′W","52°13′56″N, 21°00′30″E",12200.621838849846,1.551575888486993,12.438705463252358
89,Macedonia Północna,6714.0,2.0,4.0,4.754427546250576,3.0,Skopje,"42°00′N, 21°26′E","52°13′56″N, 21°00′30″E",1137.9976374210967,4.678352583699317,12.432780129949894
90,Polska,17815.0,3.0,3.0,4.348395403106049,3.0,Warszawa,"52°13′56″N, 21°00′30″E","52°13′56″N, 21°00′30″E",0.0,5.0,12.34839540310605
91,Południowa Afryka,6950.0,6.0,4.0,4.74579556843037,5.0,Pretoria (stolica egzekutywna),"25°43′32″S, 28°14′38″E","52°13′56″N, 21°00′30″E",8664.424014288876,2.551058538007868,12.29685410643824
92,Republika Zielonego Przylądka,3455.0,4.0,4.0,4.87362930775927,4.0,Praia,"14°55′N, 23°31′W","52°13′56″N, 21°00′30″E",5701.316028904055,3.3885611798224757,12.262190487581746
93,Rwanda,859.0,5.0,3.0,4.968581063781538,4.0,Kigali,"1°57′S, 30°03′E","52°13′56″N, 21°00′30″E",6064.769675945067,3.285833438857453,12.25441450263899
94,Turcja,9528.0,2.0,4.0,4.651502183597779,3.0,Ankara,"39°56′38″N, 32°51′22″E","52°13′56″N, 21°00′30″E",1640.1266949711958,4.536429166022903,12.187931349620682
95,Turkmenistan,10311.0,2.5,4.0,4.622863036846841,3.25,Aszchabad,"37°58′N, 58°20′E","52°13′56″N, 21°00′30″E",3287.800179896704,4.07072528237123,11.94358831921807
96,Indie,2185.0,3.0,4.0,4.920081052808685,3.5,Nowe Delhi,"28°07′N, 77°02′E","52°13′56″N, 21°00′30″E",5299.818196308738,3.5020418552281503,11.922122908036835
97,Panama,14664.0,4.0,6.5,4.463646937476683,5.25,Panama,"8°59′N, 79°31′W","52°13′56″N, 21°00′30″E",9933.176014367162,2.192454276160443,11.906101213637125
98,Gwinea,1230.0,5.0,2.0,4.955011302038756,3.5,Konakry,"9°32′53″N, 13°40′14″W","52°13′56″N, 21°00′30″E",5675.95156272554,3.395730276439103,11.850741578477859
99,Tadżykistan,878.0,3.0,3.0,4.9678861164146575,3.0,Duszanbe,"38°33′N, 68°48′E","52°13′56″N, 21°00′30″E",3953.0568563076945,3.882694934936338,11.850581051350996
100,Burkina Faso,887.0,3.0,3.5,4.967556930819819,3.25,Wagadugu,"12°22′N, 1°31′W","52°13′56″N, 21°00′30″E",4860.365605864586,3.6262501889320102,11.843807119751828
101,Sri Lanka,3743.0,4.0,4.0,4.8630953687244425,4.0,Sri Dźajawardanapura Kotte,"6°54′N, 79°54′E","52°13′56″N, 21°00′30″E",7319.715919570615,2.931131281677981,11.794226650402424
102,Mauritius,8744.0,6.0,3.0,4.6801779065259215,4.5,Port Louis,"20°09′46″S, 57°30′10″E","52°13′56″N, 21°00′30″E",8765.981734209123,2.522353928135599,11.70253183466152
103,Rumunia,14667.0,3.0,2.0,4.46353720894507,2.5,Bukareszt,"44°25′N, 26°06′E","52°13′56″N, 21°00′30″E",946.9536563208292,4.732349886417758,11.695887095362828
104,Kazachstan,9977.0,3.0,3.0,4.635079480033065,3.0,Astana,"51°10′N, 71°25′E","52°13′56″N, 21°00′30″E",3415.9763845853863,4.034497135920266,11.669576615953332
105,Ukraina,4828.0,1.0,3.0,4.823410216457817,2.0,Kijów,"50°27′N, 30°30′E","52°13′56″N, 21°00′30″E",689.8899383987539,4.805007225919498,11.628417442377316
106,Gwinea Równikowa,8745.0,4.0,3.0,4.680141330348717,3.5,Malabo,"3°45′N, 8°45′E","52°13′56″N, 21°00′30″E",5492.921972451704,3.4474623652258285,11.627603695574546
107,Bahrajn,26136.0,2.0,5.0,4.0440450325893735,3.5,Manama,"26°13′N, 50°35′E","52°13′56″N, 21°00′30″E",3803.309224468227,3.9250201009072123,11.469065133496585
108,Samoa,3947.0,7.0,5.0,4.855633828574772,6.0,Apia,"13°50′S, 171°45′W","52°13′56″N, 21°00′30″E",15596.672137180396,0.5917049993341811,11.447338827908954
109,Luksemburg,136701.0,6.0,7.5,0.0,6.75,Luksemburg,"49°36′38″N, 6°07′58″E","52°13′56″N, 21°00′30″E",1083.694608542883,4.693700971395059,11.44370097139506
110,Gambia,812.0,4.0,2.0,4.970300144110138,3.0,Bandżul,"13°28′N, 16°36′W","52°13′56″N, 21°00′30″E",5445.3133022946195,3.460918637230259,11.431218781340398
111,Togo,992.0,3.0,3.0,4.963716432213371,3.0,Lomé,"6°07′55″N, 1°13′22″E","52°13′56″N, 21°00′30″E",5423.832217607814,3.4669901220573323,11.430706554270703
112,Sierra Leone,521.0,4.0,2.0,4.980943811676578,3.0,Freetown,"8°29′N, 13°14′W","52°13′56″N, 21°00′30″E",5760.04890969646,3.371960724129454,11.352904535806033
113,Zambia,1067.0,5.0,2.0,4.960973218923051,3.5,Lusaka,"15°25′S, 28°17′E","52°13′56″N, 21°00′30″E",7527.213316861229,2.8724835309859067,11.333456749908958
114,Uganda,1000.0,3.0,3.0,4.963423822795737,3.0,Kampala,"0°19′N, 32°35′E","52°13′56″N, 21°00′30″E",5855.052009009581,3.3451087339057555,11.308532556701493
115,Bułgaria,11684.0,2.0,2.0,4.572643945545387,2.0,Sofia,"42°41′N, 23°19′E","52°13′56″N, 21°00′30″E",1075.6649073864987,4.695970512689074,11.268614458234461
116,Jamajka,5525.0,2.0,6.0,4.797916620946445,4.0,Kingston,"17°59′N, 76°48′W","52°13′56″N, 21°00′30″E",8964.214168410945,2.466324857255887,11.264241478202333
117,Grenada,9856.0,4.0,4.0,4.639505197474781,4.0,Saint George’s,"12°03′N, 61°45′W","52°13′56″N, 21°00′30″E",8466.148057483992,2.607099910260065,11.246605107734846
118,Libia,4822.0,2.0,2.0,4.823629673521042,2.0,Trypolis,"32°54′08″N, 13°11′09″E","52°13′56″N, 21°00′30″E",2238.1104200441187,4.367413068067339,11.191042741588381
119,Saint Kitts i Nevis,16467.0,4.0,4.0,4.397700089977396,4.0,Basseterre,"17°18′N, 62°44′W","52°13′56″N, 21°00′30″E",8083.394573436961,2.7152826209929315,11.112982710970327
120,Etiopia,996.0,2.0,3.0,4.963570127504553,2.5,Addis Abeba,"9°01′48″N, 38°44′24″E","52°13′56″N, 21°00′30″E",5054.088137322296,3.571495811880924,11.035065939385477
121,Haiti,1765.0,1.0,6.0,4.935443047234475,3.5,Port-au-Prince,"18°32′N, 72°20′W","52°13′56″N, 21°00′30″E",8622.859435300128,2.562806488092942,10.998249535327417
122,Dominika,7691.0,3.0,4.0,4.718692621122011,3.5,Roseau,"15°18′05″N, 61°23′18″W","52°13′56″N, 21°00′30″E",8162.3562021523,2.6929646450780265,10.911657266200036
123,Liberia,724.0,2.0,3.0,4.9735188477041135,2.5,Monrovia,"6°19′48″N, 10°48′05″W","52°13′56″N, 21°00′30″E",5862.076850441069,3.343123209488077,10.81664205719219
124,Rosja,12198.0,1.0,2.0,4.5538437904623965,1.5,Moskwa,"55°45′N, 37°37′E","52°13′56″N, 21°00′30″E",1154.136024585844,4.6737911765714735,10.72763496703387
125,Wyspy Marshalla,4463.0,4.0,5.0,4.836760521137372,4.5,Majuro,"7°04′N, 171°16′E","52°13′56″N, 21°00′30″E",12854.841281103498,1.366665141421271,10.703425662558642
126,Demokratyczna Republika Konga,609.0,2.0,3.0,4.977725108082604,2.5,Kinszasa,"4°19′S, 15°18′E","52°13′56″N, 21°00′30″E",6289.761388438567,3.2222410370519454,10.69996614513455
127,Antigua i Barbuda,14685.0,0.0,7.0,4.462878837755393,3.5,Saint John’s,"17°07′N, 61°51′W","52°13′56″N, 21°00′30″E",8038.948411745958,2.727845031144143,10.690723868899536
128,Pakistan,1562.0,2.0,2.0,4.942868011206941,2.0,Islamabad,"33°43′N, 73°04′E","52°13′56″N, 21°00′30″E",4593.811638605539,3.7015898838964603,10.6444578951034
129,Tuvalu,5834.0,4.0,6.0,4.786614582190328,5.0,Vaiaku,"8°31′16″S, 179°11′54″E","52°13′56″N, 21°00′30″E",14770.091309999694,0.8253325383410787,10.611947120531406
130,Białoruś,7295.0,1.0,1.0,4.7331767872949,1.0,Mińsk,"53°54′N, 27°33′E","52°13′56″N, 21°00′30″E",475.9488957682489,4.865476229843548,10.598653017138448
131,Mołdawia,5285.0,1.0,1.0,4.806694903475469,1.0,Kiszyniów,"47°00′50″N, 28°51′00″E","52°13′56″N, 21°00′30″E",810.2171374112224,4.770997548394361,10.57769245186983
132,Mali,920.0,2.0,2.0,4.966349916972078,2.0,Bamako,"12°39′N, 8°00′W","52°13′56″N, 21°00′30″E",5098.458828636062,3.558954732926761,10.525304649898839
133,Wyspy Salomona,2303.0,4.0,5.0,4.915765063898582,4.5,Honiara,"9°26′24″S, 159°57′00″E","52°13′56″N, 21°00′30″E",13993.073021672935,1.0449515574324169,10.460716621330999
134,Serbia,9178.0,1.0,1.0,4.664303845619272,1.0,Belgrad,"44°48′N, 20°28′E","52°13′56″N, 21°00′30″E",827.4260608288238,4.766133561359088,10.43043740697836
135,Boliwia,3369.0,4.0,3.5,4.876774858998837,3.75,"Sucre (stolica konstytucyjna), La Paz (siedziba rządu)","19°02′51″S, 65°15′36″W","52°13′56″N, 21°00′30″E",11411.430993887188,1.7746353992480528,10.401410258246889
136,Gwinea Bissau,878.0,2.0,2.0,4.9678861164146575,2.0,Bissau,"11°52′N, 15°36′W","52°13′56″N, 21°00′30″E",5546.800459900642,3.4322339713238756,10.400120087738532
137,Saint Vincent i Grenadyny,7877.0,2.0,4.0,4.711889452162018,3.0,Kingstown,"13°09′39″N, 61°13′34″W","52°13′56″N, 21°00′30″E",8334.785291435715,2.644228716953628,10.356118169115646
138,Saint Lucia,9755.0,3.0,3.0,4.643199391372411,3.0,Castries,"14°01′N, 60°59′W","52°13′56″N, 21°00′30″E",8244.738571204387,2.669679819799846,10.312879211172257
139,Tonga,5002.0,5.0,5.0,4.817045961624275,5.0,Nukuʻalofa,"21°08′S, 175°12′W","52°13′56″N, 21°00′30″E",16283.080452557442,0.39769628270040935,10.214742244324682
140,Kostaryka,12408.0,4.0,3.0,4.546162793249501,3.5,San José,"9°55′29″N, 84°04′41″W","52°13′56″N, 21°00′30″E",10149.236721410212,2.1313861632757938,10.177548956525294
141,Jordania,4417.0,1.0,1.0,4.838443025288769,1.0,Amman,"31°57′N, 35°56′E","52°13′56″N, 21°00′30″E",2557.5060906417884,4.277138019291161,10.11558104457993
142,Bangladesz,2147.0,2.0,2.0,4.9214709475424465,2.0,Dhaka,"23°44′N, 90°23′E","52°13′56″N, 21°00′30″E",6565.015998922813,3.144442163507933,10.06591311105038
143,Irak,5088.0,1.0,1.0,4.813900410384708,1.0,Bagdad,"33°20′N, 44°23′E","52°13′56″N, 21°00′30″E",2814.8481206493366,4.2044020167410325,10.01830242712574
144,Gwatemala,4674.0,3.0,3.0,4.829042947747274,3.0,Gwatemala,"14°37′N, 90°31′W","52°13′56″N, 21°00′30″E",10134.699659881886,2.1354949664291873,9.96453791417646
145,Kolumbia,6156.0,3.0,3.0,4.774837053130555,3.0,Bogota,"4°35′56″N, 74°04′51″W","52°13′56″N, 21°00′30″E",9953.276518768682,2.186773003111634,9.96161005624219
146,Czad,697.0,1.0,1.5,4.974506404488628,1.25,Ndżamena,"12°06′17″N, 15°02′40″E","52°13′56″N, 21°00′30″E",4482.671724948911,3.733002836700603,9.957509241189232
147,Benin,1398.0,1.0,2.0,4.94886650426844,1.5,Porto-Novo,"6°28′34,831″N, 2°37′10,150″E","52°13′56″N, 21°00′30″E",5345.636934507658,3.489091495512784,9.937957999781224
148,Lesotho,1181.0,1.0,4.0,4.9568035347217645,2.5,Maseru,"29°20′S, 27°30′E","52°13′56″N, 21°00′30″E",9057.597717217366,2.439930622144255,9.89673415686602
149,Katar,68581.0,2.0,5.0,2.4915691911544173,3.5,Doha,"25°18′N, 51°32′E","52°13′56″N, 21°00′30″E",3940.209558535744,3.8863261376725386,9.877895328826956
150,Bhutan,3185.0,1.0,2.5,4.883504875604421,1.75,Thimphu,"27°27′00″N, 89°40′12″E","52°13′56″N, 21°00′30″E",6214.47060745638,3.2435214724217953,9.877026348026217
151,Malawi,567.0,2.0,2.0,4.979261307525183,2.0,Lilongwe,"13°59′S, 33°47′E","52°13′56″N, 21°00′30″E",7438.465065465828,2.8975676303055007,9.876828937830684
152,Fidżi,5147.0,5.0,4.0,4.811742415929657,4.5,Suva,"18°08′S, 178°26′E","52°13′56″N, 21°00′30″E",15741.397635516136,0.5507993057880933,9.86254172171775
153,Komory,1406.0,1.0,3.0,4.948573894850806,2.0,Moroni,"11°42′S, 43°15′E","52°13′56″N, 21°00′30″E",7398.058097626678,2.9089883893463195,9.857562284197126
154,Kirgistan,1283.0,1.0,1.0,4.95307276464693,1.0,Biszkek,"42°52′N, 74°34′E","52°13′56″N, 21°00′30″E",4063.672538998188,3.8514301525064183,9.804502917153348
155,Sudan,773.0,1.0,1.0,4.971726615021105,1.0,Chartum,"15°30′N, 32°33′E","52°13′56″N, 21°00′30″E",4201.160422342197,3.812570122400849,9.784296737421954
156,Erytrea,631.0,1.0,1.0,4.97692043218411,1.0,Asmara,"15°20′N, 38°55′E","52°13′56″N, 21°00′30″E",4389.869966812682,3.7592326325728713,9.73615306475698
157,Laos,2514.0,2.0,2.0,4.908047490508482,2.0,Wientian,"17°58′N, 102°35′E","52°13′56″N, 21°00′30″E",7879.405672225181,2.7729387187485246,9.680986209257007
158,Jemen,712.0,1.0,1.0,4.973957761830564,1.0,Sana,"15°21′N, 44°12′E","52°13′56″N, 21°00′30″E",4577.159967727518,3.706296367230768,9.680254129061332
159,Niger,595.0,1.0,1.0,4.978237174563463,1.0,Niamey,"13°31′N, 2°07′E","52°13′56″N, 21°00′30″E",4613.368220985238,3.6960623467669826,9.674299521330447
160,Timor Wschodni,1758.0,4.0,2.0,4.9356990804749055,3.0,Dili,"8°33′31″S, 125°34′25″E","52°13′56″N, 21°00′30″E",11747.783244718348,1.6795676865488134,9.61526676702372
161,Arabia Saudyjska,23507.0,0.0,3.0,4.140203802459382,1.5,Rijad,"24°42′42″N, 46°43′37″E","52°13′56″N, 21°00′30″E",3748.706555982108,3.9404531797328266,9.58065698219221
162,Barbados,16875.0,2.0,3.0,4.3827770096780565,2.5,Bridgetown,"13°06′21″N, 59°36′47″W","52°13′56″N, 21°00′30″E",8229.347778718738,2.6740299242948318,9.556806933972888
163,Iran,16784.0,1.0,1.0,4.386105441803644,1.0,Teheran,"35°42′N, 51°25′E","52°13′56″N, 21°00′30″E",3017.2858192439867,4.14718435602393,9.533289797827575
164,Republika Środkowoafrykańska,525.0,1.0,1.0,4.980797506967762,1.0,Bangi,"4°22′N, 18°35′E","52°13′56″N, 21°00′30″E",5311.061295326581,3.498864068533885,9.479661575501646
165,Sudan Południowy,364.0,1.0,1.0,4.986686271497648,1.0,Dżuba,"4°51′N, 31°36′E","52°13′56″N, 21°00′30″E",5342.930342734222,3.4898564955639966,9.476542767061645
166,Dżibuti,3581.0,1.0,1.0,4.869020709431533,1.0,Dżibuti,"11°36′N, 43°10′E","52°13′56″N, 21°00′30″E",4926.8150464878145,3.6074686992449823,9.476489408676516
167,Surinam,4681.0,2.0,2.0,4.828786914506844,2.0,Paramaribo,"5°49′25″N, 55°10′11″W","52°13′56″N, 21°00′30″E",8557.726592852863,2.581215850116715,9.41000276462356
168,Wenezuela,1686.0,1.0,3.0,4.938332565233612,2.0,Caracas,"10°30′N, 66°55′W","52°13′56″N, 21°00′30″E",8952.367586983728,2.469673214214426,9.408005779448038
169,Somalia,487.0,1.0,1.0,4.982187401701524,1.0,Mogadiszu,"2°04′N, 45°22′E","52°13′56″N, 21°00′30″E",6003.23642549231,3.303225400293827,9.285412801995351
170,Gabon,8976.0,1.0,1.5,4.671692233414532,1.25,Libreville,"0°23′N, 9°27′E","52°13′56″N, 21°00′30″E",5847.481860308437,3.3472483857737965,9.268940619188328
171,Oman,18299.0,1.0,1.0,4.330692533339185,1.0,Maskat,"23°36′N, 58°32′E","52°13′56″N, 21°00′30″E",4493.118005898806,3.7300502653006316,9.060742798639817
172,Kambodża,1654.0,1.0,2.0,4.939503002904148,1.5,Phnom Penh,"11°33′N, 104°55′E","52°13′56″N, 21°00′30″E",8587.772364305012,2.572723613893584,9.012226616797733
173,Kuwejt,28579.0,1.0,1.0,3.9546894316793586,1.0,Kuwejt,"29°22′30″N, 47°58′48″E","52°13′56″N, 21°00′30″E",3370.0575897330855,4.047475775979093,9.002165207658452
174,Mjanma,1217.0,1.0,1.0,4.955486792342412,1.0,Naypyidaw,"19°45′N, 96°12′E","52°13′56″N, 21°00′30″E",7293.514875083912,2.938536831554716,8.894023623897127
175,Bahamy,28579.0,1.0,3.5,3.9546894316793586,2.25,Nassau,"25°04′N, 77°20′W","52°13′56″N, 21°00′30″E",8383.850894936786,2.630360652489876,8.835050084169236
176,Botswana,7417.0,1.0,2.0,4.728714493675979,1.5,Gaborone,"24°40′S, 25°55′E","52°13′56″N, 21°00′30″E",8531.755632933518,2.588556368130299,8.817270861806279
177,Eswatini,4109.0,1.0,1.5,4.849708487867682,1.25,Mbabane,"26°19′S, 31°08′E","52°13′56″N, 21°00′30″E",8757.019749752093,2.5248869730653434,8.624595460933026
178,Brunei,44809.0,3.0,3.0,3.3610580756541655,3.0,Bandar Seri Begawan,"4°55′N, 114°55′E","52°13′56″N, 21°00′30″E",9845.33756377437,2.2172812263719157,8.57833930202608
179,Salwador,4345.0,1.0,2.0,4.8410765100474755,1.5,San Salvador,"13°41′N, 89°11′W","52°13′56″N, 21°00′30″E",10136.849124320013,2.1348874346907905,8.475963944738266
180,Palau,12187.0,2.0,2.0,4.554246128411643,2.0,Ngerulmud,"7°30′02″N, 134°37′27″E","52°13′56″N, 21°00′30″E",10912.1557742958,1.9157521987244146,8.469998327136057
181,Kiribati,1706.0,2.0,2.0,4.937601041689526,2.0,Bairiki,"1°19′32″N, 172°59′00″E","52°13′56″N, 21°00′30″E",13516.78552685316,1.1795710303447478,8.117172072034274
182,Belize,4177.0,1.0,1.0,4.847221307817792,1.0,Belmopan,"17°16′N, 88°47′W","52°13′56″N, 21°00′30″E",9788.05827145158,2.2334708350119725,8.080692142829765
183,Honduras,2790.0,1.0,1.0,4.897952465600105,1.0,Tegucigalpa,"14°05′39″N, 87°12′24″W","52°13′56″N, 21°00′30″E",9976.086404931186,2.1803259414403033,8.078278407040408
184,Nikaragua,2177.0,1.0,1.0,4.920373662226319,1.0,Managua,"12°08′11,76″N, 86°15′05,03″W","52°13′56″N, 21°00′30″E",10091.391807662874,2.147735641026144,8.068109303252463
185,Nauru,10139.0,1.0,3.0,4.6291541393259745,2.0,Yaren,"0°32′36″S, 166°55′11″E","52°13′56″N, 21°00′30″E",13459.660091486547,1.195717152345811,7.824871291671785
186,Tajwan,33775.0,7.0,9.0,3.7646396149260064,8.0,,,"52°13′56″N, 21°00′30″E",,,
187,Kosowo,5031.0,5.0,6.0,4.815985252485351,5.5,,,"52°13′56″N, 21°00′30″E",,,
188,Afganistan,,,,,,Kabul,"34°32′N, 69°10′E","52°13′56″N, 21°00′30″E",4267.8440811650335,3.793722432507179,
189,Korea Północna,,,,,,Pjongjang,"39°01′N, 125°45′E","52°13′56″N, 21°00′30″E",7567.842032645523,2.8610000963724147,
190,Kuba,,,,,,Hawana,"23°08′12″N, 82°21′32″W","52°13′56″N, 21°00′30″E",8867.23670733219,2.493734887619456,
191,Liban,,,,,,Bejrut,"33°53′N, 35°30′E","52°13′56″N, 21°00′30″E",2345.6590751681438,4.337015160453357,
192,Liechtenstein,,,,,,Vaduz,"47°08′24,0″N, 9°31′17,3″E","52°13′56″N, 21°00′30″E",1002.0911770585772,4.716765635182656,
193,Monako,,,,,,Monako,"43°43′52″N, 7°25′12″E","52°13′56″N, 21°00′30″E",1382.358568082436,4.609285602004902,
194,Syria,,,,,,Damaszek,"33°31′N, 36°18′E","52°13′56″N, 21°00′30″E",2414.4127762466323,4.317582386969644,
195,Watykan,,,,,,Watykan,"41°54′14″N, 12°27′11″E","52°13′56″N, 21°00′30″E",1317.260230204234,4.627685211543146,
